"identity_key","countries","openalex_journal","openalex_type","resolved"
"doi:10.3997/2214-4609.202639027","BR; NL; US","","conference-paper","yes"
"doi:10.2118/0326-0015-jpt","","Journal of Petroleum Technology","article","yes"
"doi:10.5281/zenodo.20109894","","Zenodo (CERN European Organization for Nuclear Research)","article","yes"
"arxiv:2601.18381","","arXiv (Cornell University)","preprint","yes"
"doi:10.2523/iptc-24776-ms","CN","International Petroleum Technology Conference","conference-paper","yes"
"arxiv:2605.15028","","arXiv (Cornell University)","preprint","yes"
"doi:10.1016/j.bdes.2026.100042","US","Big Data and Earth System","article","yes"
"doi:10.2118/226728-ms","GB","","conference-paper","yes"
"doi:10.3997/2214-4609.202576039","","","conference-paper","yes"
"doi:10.1016/j.geoai.2025.100036","CN; HK; JP; SG","Geodata and AI.","article","yes"
"doi:10.1038/s44304-026-00262-z","DE; FR","arXiv (Cornell University)","preprint","yes"
"doi:10.2118/229240-ms","AE","","conference-paper","yes"
"doi:10.2523/iptc-25122-ms","AE","","conference-paper","yes"
"doi:10.2118/0426-0008-jpt","IN","Journal of Petroleum Technology","article","yes"
"title:largelanguagemodelagentsindynamicmineplanningamodulardecisionsupportframework","","","","no"
"doi:10.1109/access.2026.3714775","US","IEEE Access","article","yes"
"doi:10.1016/j.aei.2026.105065","AU; CN","Advanced Engineering Informatics","article","yes"
"doi:10.1016/j.petsci.2026.05.031","CN","Petroleum Science","article","yes"
"doi:10.2118/225325-ms","","","conference-paper","yes"
"doi:10.1016/j.sandf.2026.101789","HK; JP; TW","SOILS AND FOUNDATIONS","article","yes"
"doi:10.48550/arxiv.2608.13889","","arXiv (Cornell University)","preprint","yes"
"doi:10.2118/229512-ms","","","conference-paper","yes"
"doi:10.2118/230772-ms","US","IADC/SPE International Drilling Conference and Exhibition","conference-paper","yes"
"doi:10.48550/arxiv.2511.03852","","arXiv (Cornell University)","preprint","yes"
"doi:10.5194/egusphere-egu26-15632","HK","","conference-abstract","yes"
"doi:10.2118/229586-ms","AE","","conference-paper","yes"
"doi:10.2118/221864-ms","","","conference-paper","yes"
"doi:10.3997/2214-4609.202639010","","","conference-paper","yes"
"doi:10.48550/arxiv.2609.01777","","arXiv (Cornell University)","preprint","yes"
"doi:10.63374/qitp-ijpeat_07_02_001","IN","","review","yes"
"doi:10.3997/2214-4609.202639044","US","","conference-paper","yes"
"doi:10.2523/iptc-25230-ms","GB","","conference-paper","yes"
"doi:10.2118/229423-ms","IN","","conference-paper","yes"
"doi:10.5194/egusphere-egu26-9051","CN; HK","","conference-abstract","yes"
"doi:10.3997/2214-4609.2024101588","CN; ES","","conference-paper","yes"
"doi:10.2118/229603-ms","","","conference-paper","yes"
"doi:10.3997/2214-4609.202637165","NO","","conference-paper","yes"
"doi:10.20944/preprints202604.1814.v1","","Preprints.org","preprint","yes"
"arxiv:2604.21501","","arXiv (Cornell University)","preprint","yes"
"doi:10.48550/arxiv.2605.00060","","arXiv (Cornell University)","preprint","yes"
"doi:10.3390/geosciences16050176","AU; CN","Geosciences","article","yes"
"doi:10.3997/2214-4609.202639113","US","","conference-paper","yes"
"doi:10.1109/acait63902.2024.11022201","CN","","conference-paper","yes"
"doi:10.2118/224532-ms","GB","","conference-paper","yes"
"doi:10.4043/35607-ms","NO; US","Offshore Technology Conference","conference-paper","yes"
"doi:10.1007/s43503-026-00088-8","TH","AI in Civil Engineering","article","yes"
"doi:10.2118/222053-ms","","","conference-paper","yes"
"doi:10.22564/19cisbgf2025.335","BR","","conference-paper","yes"
"doi:10.5281/zenodo.21768634","DE; FR","Zenodo (CERN European Organization for Nuclear Research)","software","yes"
"doi:10.2118/229682-ms","AE","","conference-paper","yes"
"doi:10.2118/233094-ms","CA; US","","conference-paper","yes"
"doi:10.2118/0925-0003-jpt","US","Journal of Petroleum Technology","article","yes"
"doi:10.1190/tle44020142.1","SA; US","The Leading Edge","article","yes"
"doi:10.2118/0326-0003-jpt","US","Journal of Petroleum Technology","editorial","yes"
"doi:10.3390/computers15050294","KZ","Computers","article","yes"
"doi:10.1016/s1876-3804(26)60734-3","CA; CN; HK","Petroleum Exploration and Development","article","yes"
"doi:10.3997/2214-4609.2025101389","CN; ES","","conference-paper","yes"
"doi:10.2118/229435-ms","US","","conference-paper","yes"
"doi:10.2118/229646-ms","CN","","conference-paper","yes"
"doi:10.1038/s41598-026-61824-9","CN","Scientific Reports","article","yes"
"doi:10.1145/3731599.3767402","US","","conference-paper","yes"
"doi:10.2118/229346-ms","AE; NO; RU","","conference-paper","yes"
"doi:10.18653/v1/2025.findings-emnlp.1386","CA","","conference-paper","yes"
"doi:10.3997/2214-4609.202639107","","","conference-paper","yes"
"doi:10.3997/2214-4609.202639016","US","","conference-paper","yes"
"doi:10.3997/1365-2397.fb2026015","AU","First Break","article","yes"
"doi:10.2118/232332-ms","LT","","conference-paper","yes"
"doi:10.2118/229444-ms","AE; US","","conference-paper","yes"
"doi:10.64862/ajeg.2025.2sp.95.232","TW","Asian Journal of Engineering Geology","article","yes"
"doi:10.36227/techrxiv.175979241.11582889/v1","US","","preprint","yes"
"doi:10.2118/234989-ms","CN; JP; NG","SPE Nigeria Annual International Conference and Exhibition","conference-paper","yes"
"doi:10.2523/iptc-25245-ms","AE; IL","","conference-paper","yes"
"doi:10.1109/icftic68075.2025.11324812","CN","","conference-paper","yes"
"doi:10.2118/230751-ms","US","IADC/SPE International Drilling Conference and Exhibition","conference-paper","yes"
"doi:10.5194/egusphere-egu26-10918","BE","","conference-abstract","yes"
"arxiv:2607.18557","","arXiv (Cornell University)","preprint","yes"
"doi:10.1109/caibda65784.2025.11182767","CN","","conference-paper","yes"
"doi:10.2139/ssrn.6515171","IT","SSRN Electronic Journal","preprint","yes"
"doi:10.48550/arxiv.2606.10286","","arXiv (Cornell University)","preprint","yes"
"doi:10.5281/zenodo.19078874","","Zenodo (CERN European Organization for Nuclear Research)","software","yes"
"doi:10.1016/j.autcon.2025.106257","HK","Automation in Construction","article","yes"
"doi:10.1016/j.watres.2026.125886","CN; MO","Water Research","article","yes"
"doi:10.2118/229506-ms","US","","conference-paper","yes"
"doi:10.48550/arxiv.2607.24984","","arXiv (Cornell University)","preprint","yes"
"doi:10.1016/j.gsf.2026.102445","BD; CA; CN; EG; GB; IN; IR; JP; SA","Geoscience Frontiers","article","yes"
"doi:10.2118/227420-ms","SA","","conference-paper","yes"
"doi:10.2118/227906-ms","US","SPE Annual Technical Conference and Exhibition","conference-paper","yes"
"doi:10.3997/2214-4609.202620128","CA","","conference-paper","yes"
"doi:10.1016/j.cacaie.2026.100079","SG","Computer-Aided Civil and Infrastructure Engineering","article","yes"
"doi:10.1016/j.geoai.2026.100106","CN; HK; JP; SG","Geodata and AI.","article","yes"
"doi:10.1016/j.jgsce.2024.205469","","Gas Science and Engineering","article","yes"
"doi:10.2118/221883-ms","","","conference-paper","yes"
"doi:10.3997/2214-4609.202410350","GB; US","","conference-paper","yes"
"doi:10.2118/228117-ms","US","SPE Annual Technical Conference and Exhibition","conference-paper","yes"
"doi:10.48550/arxiv.2603.21152","","arXiv (Cornell University)","preprint","yes"
"doi:10.22564/19cisbgf2025.463","ID; IN","","conference-paper","yes"
"doi:10.2118/233425-ms","CN","","conference-paper","yes"
"doi:10.3997/2214-4609.2025101096","","","conference-paper","yes"
"doi:10.1016/j.autcon.2026.107055","CN","Automation in Construction","article","yes"
"doi:10.2523/iptc-25138-ms","GB; US","","conference-paper","yes"
"doi:10.67704/oep.2025.250012","","Opto-Electronics Plus","article","yes"
"doi:10.56952/igs-2025-0391","CA","","conference-paper","yes"
"doi:10.4043/35625-ms","US","Offshore Technology Conference","conference-paper","yes"
"doi:10.2118/230773-ms","US","IADC/SPE International Drilling Conference and Exhibition","conference-paper","yes"
"doi:10.3997/1365-2397.fb2026014","","First Break","article","yes"
"doi:10.20944/preprints202607.2303.v1","","Preprints.org","preprint","yes"
"doi:10.26153/tsw/62180","","Texas Digital Library (University of Texas)","other","yes"
"doi:10.1162/daed.a.995","","Daedalus","article","yes"
"doi:10.48550/arxiv.2608.18272","","arXiv (Cornell University)","preprint","yes"
"doi:10.21203/rs.3.rs-8118076/v1","DZ","Research Square","preprint","yes"
"doi:10.5194/egusphere-egu26-20914","NO","","conference-abstract","yes"
"doi:10.2118/223828-ms","NO","","conference-paper","yes"
"doi:10.3390/app16168089","CN; US","Applied Sciences","article","yes"
"doi:10.4043/36352-ms","TH","Offshore Technology Conference Asia","conference-paper","yes"
"doi:10.3997/2214-4609.2024637030","US","","conference-paper","yes"
"doi:10.1016/j.oregeorev.2026.107411","CN","Ore Geology Reviews","article","yes"
"doi:10.48550/arxiv.2606.18661","","arXiv (Cornell University)","preprint","yes"
"doi:10.69894/20250201","","Oil IT Journal.","article","yes"
"doi:10.5194/egusphere-egu26-20010","NO","","conference-abstract","yes"
"doi:10.5194/egusphere-egu24-628","NL","","conference-abstract","yes"
"doi:10.3390/pr13051413","CN","Processes","article","yes"
"doi:10.3997/2214-4609.202535040","CN; ES","","conference-paper","yes"
"doi:10.22541/essoar.176336946.65126612/v1","US","","preprint","yes"
"doi:10.1016/j.acags.2026.100362","US","Applied Computing and Geosciences","article","yes"
"doi:10.48550/arxiv.2512.14429","","arXiv (Cornell University)","preprint","yes"
"doi:10.5281/zenodo.20342672","","Zenodo (CERN European Organization for Nuclear Research)","article","yes"
"doi:10.3997/2214-4609.202639012","GB","","conference-paper","yes"
"doi:10.3997/2214-4609.2025640024","","","conference-paper","yes"
"doi:10.1109/cait70489.2026.11553853","CN; US","","conference-paper","yes"
"doi:10.3390/mining6020026","AU","Mining","article","yes"
"doi:10.5281/zenodo.21204632","","Zenodo (CERN European Organization for Nuclear Research)","preprint","yes"
"doi:10.1016/j.aei.2026.105058","GB","Advanced Engineering Informatics","article","yes"
"doi:10.5281/zenodo.21288456","US","Zenodo (CERN European Organization for Nuclear Research)","software","yes"
"doi:10.48550/arxiv.2608.14055","","arXiv (Cornell University)","preprint","yes"
"doi:10.2118/235133-ms","","SPE Nigeria Annual International Conference and Exhibition","conference-paper","yes"
"doi:10.48550/arxiv.2603.01022","","arXiv (Cornell University)","preprint","yes"
"title:smartergeothermalfielddevelopmentwithanagenticartificialintelligencesystem","","","","no"
"title:artificialintelligenceincarboncaptureutilisationandstorage2025workshopadvancingccuswithgenerativeaiagentgeorge","","","","no"
"title:agapexagenticgeoaiforprecisionmineralexploration","","","","no"
"title:seismomcpatoolkitoffocusedmcpserversthatletllmagentsdriveseismologysoftwareobspycwpsusac","","","","no"
"title:petromcpmcpserverexposingpetroleumengineeringdataandtoolstollms","","","","no"
"title:petromcplocalfirstmcpserverforpetroleumdataformatslasdlissegyheaderspumpcards","","","","no"
"title:agentnexusmultiagentaiframeworkforgeophysicaldataanalysispoweredbygoogleadkandmodelcontextprotocol","","","","no"
"title:geotechcliopensourceagenticaicliforgeotechnicalengineering","","","","no"
"title:geotechstaffengineerapythontoolkitofgeotechnicalmethodswrappedinaprobabilisticvariabilityengineanddrivenbyanen","","","","no"
"title:drillingnptagentadomainexpertaiagentthatmonitorsoffshoredirectionaldrillingsensorstreamsanddetectsearlynptwarn","","","","no"
"title:volvedrillingadvisorrealtimedrillingadvisoryagenttoolcallingaimonitoringvolvewellf15drillingparameters","","","","no"
"title:pyrestoolboxmcpmcpserverbridgingaiassistantsandpetroleumengineeringworkflows","","","","no"
"title:casestudyanagenticaiframeworkforlargescalewellmodelingofoffshorefielddevelopments","","","","no"
"title:designingagenticaisystemsforsubsurfaceworkflowslessonsfromautomatingwellloginterpretation","","","","no"
"doi:10.48550/arxiv.2608.22068","","arXiv (Cornell University)","preprint","yes"
